Category,#,Dimension,Kestra + ADF Pipeline (No ApiLoader),Kestra + ApiLoader Host App,Winner,Impact / Notes
,,,,,,
FLOW COMPLEXITY,,,,,,
,1,Kestra flow definition,"~15 lines YAML (trigger ADF + poll for completion)","~10 lines YAML (shell command + exit code check)",Comparable,"Both are simple Kestra flows; the complexity difference lives elsewhere"
,2,Core orchestration logic,"~300-500+ lines ADF pipeline JSON (incomplete — see gaps below)",0 lines — built into the compiled app,ApiLoader,"ADF JSON is verbose, brittle expression language, and still can't express all requirements natively"
,3,Azure Functions required,"2 minimum: (1) carrier JSON parsing, (2) SHA-256 / metadata / redaction","0",ApiLoader,"Each Azure Function is a separate deployment artifact with its own CI/CD, testing, and maintenance"
,4,Linked Services required,"3+: TruckerCloud REST API, ADLS Gen2, Azure Functions","0 (ApiLoader uses ClientSecretCredential directly from config)",ApiLoader,"Linked Services require ARM templates or Terraform, secret rotation config, and connectivity testing"
,5,ADF Datasets required,"3+: REST source, ADLS sink, in-memory JSON passthrough","0",ApiLoader,"Each dataset is a JSON definition that must be version-controlled and deployed"
,6,Total deployment artifacts,"7+: ADF pipeline, 2+ Azure Functions, 3 Linked Services, 3+ Datasets, Key Vault refs, Kestra flow","1: Kestra flow (ApiLoader is a pre-built binary)",ApiLoader,"Massive reduction in deployment surface area and change management overhead"
,7,Lines of config/code to maintain,"800-1200+ (ADF JSON + Azure Function C# + ARM/Terraform + Kestra YAML)","~10 (Kestra YAML only; ApiLoader is a shared compiled asset)",ApiLoader,"Order-of-magnitude difference in maintenance burden"
,,,,,,
AUTHENTICATION & SECURITY,,,,,,
,8,Bearer token acquisition (POST /v4/authenticate),"ADF WebActivity + SetVariable — works but token is in plain-text pipeline variable","Built-in: TruckerCloudAdapter.FetchAuthTokenAsync with dedicated HttpClient call",ApiLoader,"ADF variables are visible in pipeline run monitoring UI — security concern"
,9,Token caching (avoid re-auth per request),"Manual: must store in variable and pass to every subsequent activity","Built-in: _authToken field cached in adapter, reused across all requests in run",ApiLoader,"ADF has no concept of in-memory token cache across activities"
,10,Automatic 401 detection + token refresh,"Manual: IfCondition activity checking status code, then re-auth WebActivity, then retry — must be wired at EVERY API call site","Built-in: RefineFetchOutcome returns RetryImmediately on 401, sets _credentialInvalid flag, next attempt auto-refreshes",ApiLoader,"In ADF, this means duplicating the IfCondition+re-auth pattern at every single WebActivity — enormous boilerplate"
,11,Thread-safe concurrent token refresh,"Not applicable — ADF activities are not concurrent within a single ForEach iteration","Built-in: SemaphoreSlim(1,1) with double-checked locking ensures only one thread refreshes",ApiLoader,"ApiLoader processes requests in parallel (maxDop=8); token refresh is safely serialized"
,12,Secrets management,"Azure Key Vault via Linked Service — requires Key Vault setup, access policies, Linked Service config","Environment variables or config file — simple, works with any secret injection mechanism (K8s secrets, env vars, Key Vault CLI)",Comparable,"ADF's Key Vault integration is mature but adds infrastructure; ApiLoader is simpler but less governed"
,13,Credential redaction in metadata,"Requires Azure Function to implement redaction logic during metadata JSON construction","Built-in: vendor-configurable redact key list (e.g., authorization, userName, password) → '***REDACTED***'",ApiLoader,"Redaction is automatic and consistent across all endpoints for a vendor"
,,,,,,
API INTERACTION,,,,,,
,14,HTTP GET requests,"ADF WebActivity — native support","Built-in: HttpMethod.Get on EndpointDefinition",Comparable,"Both handle GET natively"
,15,HTTP POST with request body,"ADF WebActivity — native support, but body must be constructed via ADF expression language","Built-in: HttpMethod.Post with body construction delegated to adapter",Comparable,"ADF expression language is limited for complex body construction; ApiLoader uses C#"
,16,Custom request header injection,"ADF WebActivity headers property — static or expression-based","Built-in: ApplyRequestHeadersAsync — full programmatic control per request",ApiLoader,"ApiLoader can vary headers per request based on runtime context; ADF headers are static per activity definition"
,17,Request URI construction,"ADF @concat() expressions — fragile, no URL encoding, hard to read at scale","Built-in: adapter.BuildRequestUri with proper Uri class and query string builder",ApiLoader,"ADF's string concatenation for URLs is error-prone and unreadable for complex query strings"
,18,Query parameter building,"Manual string concatenation in ADF expressions","Built-in: VendorAdapterBase.BuildQueryString with proper encoding and sorting",ApiLoader,"ApiLoader ensures consistent parameter ordering (important for canonical request IDs)"
,,,,,,
PAGINATION,,,,,,
,19,Page-number pagination (page/size),"ADF Until loop with counter variable, SetVariable to increment — verbose but possible","Built-in: TruckerCloudAdapter.GetNextRequestAsync reads currentPage/totalPages from response",ApiLoader,"ADF Until loops are ~30-40 lines of JSON per pagination site vs a few lines of C#"
,20,Offset/limit pagination (Socrata-style),"ADF Until loop — possible but must detect 'no more data' from response body which requires expression parsing","Built-in: FmcsaAdapter detects empty array response body to stop",ApiLoader,"ADF cannot easily parse 'is this an empty JSON array?' — needs expression workarounds or Azure Function"
,21,Cursor/token-based pagination (future vendors),"ADF Until loop with expression to extract cursor from response body — fragile for nested JSON","Built-in: FetchResult.ContinuationToken property exists (reserved for future adapters)",ApiLoader,"ApiLoader has the abstraction ready; ADF would need new pipeline activities"
,22,Non-paged single-request endpoints,"ADF WebActivity — straightforward","Built-in: if DefaultPageSize is null, single fetch with no pagination loop",Comparable,"Both handle single-request endpoints simply"
,23,Max pages safety cap,"Must be manually added as an Until loop exit condition — easy to forget","Built-in: LoaderSettings.MaxPages enforced in FetchEngine.ProcessRequest loop",ApiLoader,"Safety cap prevents runaway pagination; in ADF it's an optional discipline, not a guarantee"
,24,Pagination metadata extraction from response body,"ADF expression language can parse simple top-level JSON — breaks on nested objects, arrays, or inconsistent casing","Built-in: PostProcessSuccessfulResponse handles casing variants (Pagination/pagination, pageSize/size) with fallback logic",ApiLoader,"TruckerCloud responses have inconsistent casing across endpoints; ApiLoader handles this; ADF would need custom logic per endpoint"
,,,,,,
RESILIENCE & ERROR HANDLING,,,,,,
,25,Retry on HTTP 5xx,"ADF WebActivity retry policy — native support, configurable count and interval","Built-in: DetermineFetchOutcome classifies 5xx as RetryTransient, engine retries with delay",Comparable,"Both handle 5xx retries natively"
,26,Retry on HTTP 429 (Too Many Requests),"ADF WebActivity retry policy — native support","Built-in: 429 classified as RetryTransient",Comparable,"Neither inspects Retry-After header; both use fixed delays"
,27,Retry on HTTP 408 (Request Timeout),"ADF WebActivity retry policy — native support","Built-in: 408 classified as RetryTransient",Comparable,"Both handle 408 similarly"
,28,Retry on network exceptions,"ADF WebActivity retry policy covers some network errors","Built-in: TimeoutException, TaskCanceledException, HttpRequestException all classified as RetryTransient",Comparable,"Both provide network-level retry coverage"
,29,Retry on 401 with immediate token refresh,"NOT POSSIBLE natively — ADF retry policy cannot 're-authenticate then retry'. Requires manual IfCondition chain at EVERY call site","Built-in: 401 → _credentialInvalid=true → RetryImmediately → next attempt refreshes token automatically",ApiLoader,"This is a critical gap. ADF would need IfCondition + re-auth + retry wired at every single API call — massive boilerplate and easy to miss"
,30,Handle vendor 200 + 'REQUEST TIMED OUT' body,"NOT POSSIBLE with ADF retry policy — it only triggers on HTTP error codes, not response body content. Requires IfCondition + contains() expression","Built-in: TruckerCloudAdapter.InspectBody detects the string, RefineFetchOutcome reclassifies as RetryTransient",ApiLoader,"This vendor-specific quirk is invisible to ADF's retry infrastructure. Each affected endpoint needs manual body inspection"
,31,Handle 200 + empty body as transient error,"NOT POSSIBLE with ADF retry policy — requires response body inspection","Built-in: empty body detected by InspectBody, reclassified as RetryTransient",ApiLoader,"Same issue as above — ADF sees 200 as success regardless of body content"
,32,Handle 200 + non-JSON body as permanent failure,"Requires explicit content-type or body check via IfCondition","Built-in: non-JSON body detected by InspectBody, classified as FailPermanent (no retry wasted)",ApiLoader,"ApiLoader avoids wasting retry attempts on responses that will never succeed"
,33,Configurable max retry attempts,"ADF WebActivity retry count — per activity, not centralized","Built-in: LoaderSettings.MaxRetries (default 5), applied uniformly by FetchEngine",ApiLoader,"ApiLoader applies retry policy consistently; ADF requires setting it on every WebActivity"
,34,Error classification (transient vs permanent),"Not a concept in ADF — all errors either retry or fail","Built-in: FetchStatus enum (Success, RetryImmediately, RetryTransient, FailPermanent) with vendor override via RefineFetchOutcome",ApiLoader,"Two-tier classification (base + vendor refinement) ensures correct retry behavior per vendor"
,35,Failure metadata capture (all attempts),"Not available — ADF does not expose per-attempt failure details in a structured way","Built-in: FetchMetaData.failures array captures attempt_nr, requested_utc, failed_utc, status_code, exception_message, response_body for every failed attempt",ApiLoader,"Full failure history is captured in metadata — invaluable for debugging production issues"
,,,,,,
DEPENDENCY RESOLUTION,,,,,,
,36,Auto-resolve endpoint dependency chain,"Must be manually orchestrated — separate pipeline or Execute Pipeline activity for each dependency","Built-in: EndpointRegistry.ResolveDependencyChain walks DependsOn links, auto-fetches dependencies before target",ApiLoader,"apiloader load truckercloud SafetyEventsV5 automatically fetches CarriersV4 first — zero user configuration"
,37,Circular dependency detection,"No built-in protection — developer must ensure no cycles manually","Built-in: visited HashSet in ResolveDependencyChain throws InvalidOperationException on cycle",ApiLoader,"Protects against configuration errors that would cause infinite loops"
,38,Dependencies fetched without persistence,"Must be explicitly configured — separate Copy activities with sink=none (not intuitive in ADF)","Built-in: dependencies loaded with SaveBehavior.None and saveWatermark=false — in-memory only, not written to storage",ApiLoader,"Dependencies are ephemeral iteration sources, not persisted data — ApiLoader models this correctly"
,39,Multi-level dependency chains,"Requires nested Execute Pipeline activities — exponentially more complex","Built-in: ResolveDependencyChain follows arbitrary-depth chains (A→B→C→...) and reverses to execute in order",ApiLoader,"Adding a new dependency is a single DependsOn property on EndpointEntry"
,40,Carrier iteration (fan-out over dependency results),"ForEach activity — possible but requires Azure Function to parse carrier JSON into iteration array","Built-in: CarrierDependent and CarrierAndTimeWindow request builders use JsonQueryHelper.QuickQuery with dot-path and [*] wildcard syntax",ApiLoader,"ApiLoader navigates nested JSON like 'carrierInfo.carrierInfoCodes[*].codeType' natively; ADF cannot"
,,,,,,
INCREMENTAL LOADING / WATERMARKS,,,,,,
,41,Read previous watermark from storage,"Lookup activity + ADF expression to parse EndTimeUtc — possible but fragile","Built-in: EndpointLoader.GetEndUtcFromWatermarkAsync reads and parses watermark JSON from storage",ApiLoader,"ADF Lookup has limitations on JSON structure; ApiLoader uses System.Text.Json directly"
,42,Compute time window (start from watermark + end = now),"SetVariable activities with ADF date expressions — complex and error-prone (ADF datetime arithmetic is painful)","Built-in: startUtc = watermark.EndTimeUtc + 1 second or now - DefaultLookbackDays; endUtc = now",ApiLoader,"ADF datetime arithmetic requires ticks() conversions and div/sub chains — very hard to read and validate"
,43,Overlap avoidance (+1 second from last watermark),"Manual: @formatDateTime(addSeconds(..., 1), ...) — must remember to include this","Built-in: automatic +1 second offset in GetEndUtcFromWatermarkAsync (line: endUtc.AddSeconds(1))",ApiLoader,"Easy to forget in ADF; guaranteed in ApiLoader"
,44,Minimum time span enforcement,"IfCondition activity with ticks()-based duration calculation — very verbose","Built-in: MinTimeSpan on EndpointDefinition, checked in Load() — skips silently if window too narrow",ApiLoader,"Prevents unnecessary API calls when the time window is too small (e.g., <12 hours for some endpoints)"
,45,Maximum time span clamping,"SetVariable with min() expression — possible but must be wired manually","Built-in: MaxTimeSpan on EndpointDefinition, clamps endUtc in Load() to prevent over-fetching",ApiLoader,"Protects against accidentally requesting years of data on first run or after watermark corruption"
,46,Default lookback days (configurable per endpoint),"Must be parameterized per pipeline or hardcoded — no centralized config per endpoint","Built-in: DefaultLookbackDays on EndpointDefinition (default 90), used when no watermark exists",ApiLoader,"Each endpoint can define its own default lookback; ADF would need per-pipeline parameters"
,47,Watermark content (rich metadata),"Manual: must construct JSON with all desired fields via ADF expressions — error-prone","Built-in: watermark JSON includes StartTimeUtc, EndTimeUtc, IngestionRunId, IngestionRunStartDts, WrittenUtc, IngestionDurationMs",ApiLoader,"Rich watermark enables debugging, auditing, and monitoring of ingestion timing"
,48,Save watermark only on success,"Must wire dependency conditions carefully — easy to save watermark even on partial failure","Built-in: watermark saved only after successful Load() completion, and only when saveWatermark=true",ApiLoader,"Prevents watermark advancement on failed runs — critical for data consistency"
,,,,,,
DATA IDENTITY & HASHING,,,,,,
,49,SHA-256 of response payload,"NOT POSSIBLE in ADF expression language — no hash functions. Requires Azure Function","Built-in: FetchResult.PayloadSha256 using IncrementalHash with ArrayPool<byte> (streaming, memory-efficient)",ApiLoader,"ADF has zero cryptographic functions; this is a hard blocker requiring external compute"
,50,Streaming hash computation (large payloads),"Azure Function could implement this but adds latency and complexity for large payloads","Built-in: 16KB chunked streaming via IncrementalHash — never materializes full byte array",ApiLoader,"Handles arbitrarily large responses without memory pressure"
,51,Canonical request ID (deterministic hash of request identity),"NOT POSSIBLE in ADF — no SHA-256, no normalization logic. Requires Azure Function","Built-in: ComputeIdHelper builds canonical string from URL + sorted params + sorted headers, then SHA-256 hashes it",ApiLoader,"Canonical IDs enable idempotent re-processing and deduplication — fundamental to bronze contract"
,52,Pagination-independent request IDs,"Not applicable (can't compute IDs at all without Azure Function)","Built-in: page and size query params excluded from canonical string, so all pages of the same logical request share one RequestId",ApiLoader,"Enables grouping all pages of a logical request for downstream processing"
,53,Auth-independent request IDs,"Not applicable (can't compute IDs at all without Azure Function)","Built-in: authorization header excluded from canonical string, so token rotation doesn't change request identity",ApiLoader,"Prevents false 'new data' signals when only the auth token changed"
,54,Per-page and per-attempt IDs,"Not applicable without Azure Function","Built-in: ComputePageId includes pageNr, ComputeAttemptId includes attemptNr in canonical input",ApiLoader,"Enables fine-grained lineage tracking per page and per retry attempt"
,,,,,,
METADATA GENERATION,,,,,,
,55,Comprehensive metadata JSON per response,"Requires Azure Function to generate — ADF cannot construct complex nested JSON","Built-in: FetchMetaData class generates 25+ field metadata JSON with nested objects, arrays, and computed values",ApiLoader,"ADF expression language cannot build nested JSON objects or arrays — this is a hard blocker"
,56,Request URI / headers / query params in metadata,"Azure Function would need to receive all request details as input parameters","Built-in: automatically captured from the HttpRequestMessage used for the actual call",ApiLoader,"ApiLoader captures the exact request as sent, including any runtime modifications"
,57,Timing metadata (requested_utc / response_utc / latency),"ADF WebActivity exposes some timing but not at the granularity needed","Built-in: Stopwatch-level precision with requested_utc, response_utc, response_time_ms",ApiLoader,"Precise latency measurement per request for SLA monitoring"
,58,Payload hash and byte count in metadata,"Requires Azure Function for hash; byte count could be approximated from ADF output","Built-in: payload_sha256 and payload_bytes computed and embedded in every metadata blob",ApiLoader,"Both fields enable data integrity verification and storage capacity planning"
,59,Pagination info in metadata (total_pages / total_elements),"Would need to parse response and pass to Azure Function","Built-in: extracted during PostProcessSuccessfulResponse, embedded in metadata",ApiLoader,"Downstream consumers can validate completeness without re-parsing the data payload"
,60,Failure history array in metadata,"Not available — ADF does not track per-attempt failure details","Built-in: failures array with attempt_nr, requested_utc, failed_utc, status_code, exception_message, response_body per failed attempt",ApiLoader,"Captures the full retry story — invaluable for diagnosing intermittent vendor issues"
,61,Selective field redaction (vendor-configurable),"Requires custom logic in Azure Function — must remember to implement per vendor","Built-in: vendor provides redactKeys list (e.g., ['authorization', 'userName', 'password']), applied uniformly",ApiLoader,"Prevents accidental credential leakage in metadata; configured once per vendor"
,62,Snake_case property naming normalization,"Requires custom logic in Azure Function","Built-in: ToSnakeCase helper normalizes all nested object property names",ApiLoader,"Ensures consistent naming convention across all metadata regardless of source API casing"
,63,Homogeneous metadata schema across all vendors/endpoints,"Requires discipline across multiple Azure Functions — no enforcement mechanism","Built-in: single FetchMetaData class ensures identical schema for every vendor and endpoint",ApiLoader,"Critical for downstream consumers — they parse one metadata schema, not one per vendor"
,,,,,,
STORAGE & BLOB MANAGEMENT,,,,,,
,64,ADLS Gen2 integration,"ADF Copy activity with ADLS sink — native and mature","Built-in: AdlsIngestionStore via BlobContainerClient with ClientSecretCredential",Comparable,"Both have solid ADLS integration; ADF's is more feature-rich for complex copy scenarios"
,65,Local filesystem for development/testing,"Not available — ADF pipelines can only be tested in the ADF service (cloud-only)","Built-in: --storage file writes to local filesystem mirroring ADLS hierarchy (default C:\Temp\ApiLoaderOutput)",ApiLoader,"Enables local development and testing with zero cloud dependency — massive developer productivity gain"
,66,Deterministic blob naming convention,"Manual: @concat() expressions to build paths — error-prone, no validation, duplicated across activities","Built-in: ADLSBlobNamer generates env/source/domain/vendor/resource/version/runId/data_{requestId}_p{pageNr}.json",ApiLoader,"Centralized naming logic guarantees consistent paths; ADF requires copy-pasting @concat() expressions"
,67,Path sanitization (special characters / length limits),"Not handled — ADF will fail on paths with control characters or excessive length","Built-in: AdlsPathSanitizer strips control chars, replaces slashes with __, collapses whitespace, truncates to 80 chars with hash suffix",ApiLoader,"Prevents silent failures from vendor data containing unexpected characters in path-contributing fields"
,68,Hierarchical path structure (bronze convention),"Must be manually constructed in every Copy activity sink path expression","Built-in: IngestionCoordinates → ADLSBlobNamer enforces env/{internal|external}/{domain}/{vendor}/{resource}/{version}/{runId}/... hierarchy",ApiLoader,"Convention is encoded in code, not scattered across dozens of ADF expressions"
,69,Separate metadata directory alongside data blobs,"Must be explicitly wired — separate Copy activity with /metadata/ path prefix","Built-in: metadata blobs auto-written to .../metadata/metadata_{requestId}_p{pageNr}.json alongside data blobs",ApiLoader,"Data and metadata are always co-located in a predictable structure"
,70,Content + metadata blob pair per API page,"Requires 2 Copy/WebActivity activities per page inside the pagination Until loop — doubles activity count","Built-in: SaveResultAsync writes both content and metadata blobs atomically per page",ApiLoader,"In ADF, this means the pagination loop has twice as many activities, making it even more complex"
,71,Version-padded path segments (e.g., 0004 for v4),"Must be manually formatted: @concat('000', string(pipeline().parameters.version)) — fragile","Built-in: zero-padded to 4 digits in ADLSBlobNamer",ApiLoader,"Ensures lexicographic sorting of version directories in ADLS"
,,,,,,
EVENT PUBLISHING / OBSERVABILITY,,,,,,
,72,Run started / completed / failed events,"ADF emits its own diagnostic events to Azure Monitor — different schema, not application-level","Built-in: canal.ingestion.apiloader.run.started/completed/failed events with CloudEvents-style naming",ApiLoader,"ApiLoader events carry domain context (vendor, endpoint, run_id, time_window); ADF events are infrastructure-level"
,73,Watermark advanced event,"Not available as a discrete event in ADF","Built-in: canal.ingestion.apiloader.endpoint.watermark.advanced event emitted after watermark save",ApiLoader,"Enables downstream triggers to react to watermark changes (e.g., start processing new data)"
,74,Pluggable event publisher interface,"ADF events go to Azure Monitor — not pluggable","Built-in: IIngestionEventPublisher interface with Log and Null implementations, extensible to EventHubs, Service Bus, etc.",ApiLoader,"Future-proof: add EventHubs publisher without changing any ingestion logic"
,75,Structured logging with named placeholders,"ADF has activity-level logging to Azure Monitor — limited customization","Built-in: Microsoft.Extensions.Logging with structured templates ({StatusCode}, {DurationMs}, {RunId}) throughout",ApiLoader,"Structured logs enable rich querying in any log aggregator (Seq, Elasticsearch, Application Insights)"
,76,Request/response lifecycle logging,"ADF WebActivity shows start/end in monitor — minimal detail","Built-in: logs request method/URI, response status/duration/bytes, retry attempts, vendor-specific warnings",ApiLoader,"Full request lifecycle visible in logs without needing to open ADF Monitor"
,77,Ingestion run ID as correlation ID,"ADF has its own runId — different from ingestion domain concept","Built-in: IngestionRunId (epoch-millis + random suffix) threaded through all logs, metadata, events, and watermarks",ApiLoader,"Single correlation ID links logs → metadata blobs → events → watermarks for end-to-end tracing"
,,,,,,
DEVELOPER EXPERIENCE,,,,,,
,78,Adding a new vendor,"Build new ADF pipeline from scratch + new Azure Functions + new Linked Services + new Datasets. Hundreds of lines of JSON per vendor.","Implement IVendorAdapter (6 abstract methods + properties). Register endpoints in EndpointRegistry. ~200-400 lines of C#.",ApiLoader,"ApiLoader: structured extension point. ADF: copy-paste an entire pipeline and hope you caught all the differences"
,79,Adding a new endpoint to existing vendor,"Add new activities (or parameterize existing ones) in ADF pipeline. Risk breaking existing endpoints.","Add EndpointEntry in EndpointRegistry (~5-10 lines). If new pagination or parsing needed, add methods to existing adapter.",ApiLoader,"ApiLoader: 5-10 lines of configuration. ADF: new pipeline branch or risky parameterization"
,80,Changing bronze contract for all endpoints,"Must update every ADF pipeline, every Azure Function, every @concat() expression — high risk of inconsistency","Change ADLSBlobNamer, FetchMetaData, or IIngestionStore once — applies to all vendors/endpoints automatically",ApiLoader,"Single point of change vs. shotgun surgery across dozens of ADF artifacts"
,81,Guaranteeing homogeneous output across vendors,"No enforcement — each pipeline/function can drift independently","Enforced by architecture: all vendors go through the same FetchEngine → FetchMetaData → IIngestionStore pipeline",ApiLoader,"Homogeneity is structural, not aspirational"
,82,Local testing (no cloud dependency),"NOT POSSIBLE — ADF pipelines can only run in the Azure cloud service. ADF Debug mode requires a running Integration Runtime.","Built-in: apiloader load --storage file runs entirely locally, writes to local filesystem, no cloud calls needed",ApiLoader,"This is arguably the single biggest productivity difference. Developers can iterate in seconds locally."
,83,Unit testing of pipeline logic,"ADF has no unit testing framework. Testing requires deploying to Azure and running the pipeline.","Standard C# unit tests: mock IVendorAdapter, IIngestionStore, IHttpClientFactory. Test parsing, hashing, metadata, retries in isolation.",ApiLoader,"ApiLoader logic is testable by design; ADF logic is testable only by running it in the cloud"
,84,CLI interface (scriptable / composable),"Not applicable — ADF is triggered via REST API or Azure SDK","Built-in: apiloader load {vendor} {endpoint} [options] — composable with shell scripts, Kestra, cron, etc.",ApiLoader,"CLI interface enables integration with any orchestrator, not just Kestra"
,85,Debugging / troubleshooting,"ADF Monitor UI shows activity-level status, inputs/outputs. Expression evaluation requires trial-and-error in the cloud.","Standard .NET debugging: set breakpoints, step through code, inspect variables. Structured logs with full context.",ApiLoader,"Night-and-day difference: breakpoints and local debugging vs. staring at ADF Monitor JSON diffs"
,86,Configuration complexity per endpoint,"Pipeline parameters, Linked Service properties, Dataset parameters, Key Vault references — spread across multiple JSON files","EndpointDefinition record: ResourceName, FriendlyName, ResourceVersion, HttpMethod, DefaultPageSize, DefaultLookbackDays, MinTimeSpan, MaxTimeSpan, SupportsWatermark, RequiresIterationList, BuildRequests delegate — all in one place",ApiLoader,"ApiLoader: one record per endpoint. ADF: configuration spread across 3-5 JSON artifact types"
,,,,,,
OPERATIONAL,,,,,,
,87,Cloud infrastructure required,"ADF instance + Integration Runtime + Azure Functions App + Storage Account + Key Vault — at minimum 5 Azure resources","VM or container running the .NET app (or Kestra's own runner) + Storage Account — 2 Azure resources minimum",ApiLoader,"Significantly smaller infrastructure footprint reduces cost, complexity, and attack surface"
,88,CI/CD complexity,"ARM templates or Terraform for ADF + separate CI/CD for Azure Functions + pipeline JSON deployment + Linked Service credential rotation","Single .NET publish + copy binary. Or container image build.","ApiLoader","One build artifact vs. 5+ interdependent deployment streams"
,89,Monitoring setup,"Azure Monitor + ADF diagnostic settings — built-in but requires configuration for alerts and log analytics workspace","Structured logs to any sink (console, file, Application Insights). Events to any publisher.","Comparable","ADF has richer built-in monitoring dashboards; ApiLoader has more flexible/portable observability"
,90,Cost model,"ADF activity runs are billed per execution + Azure Functions consumption billing + Integration Runtime compute time","Compute time only (VM/container). No per-activity billing.","ApiLoader","ADF costs scale with number of activities × number of runs. For a pipeline with 50+ activities running daily, this adds up."
,91,Scaling characteristics,"ADF ForEach parallelism (max 50) with Integration Runtime auto-scale. Good for massive fan-out.","Parallel.ForEachAsync with configurable MaxDegreeOfParallelism (default 8). Single-process.","ADF","ADF can scale wider for very large fan-out scenarios. ApiLoader is bounded by a single process."
,92,Error recovery (partial failure),"ADF supports re-run from failed activity — useful for long pipelines","ApiLoader with watermark: re-run picks up from last successful watermark. Per-request retries handle transient failures.","Comparable","ADF can resume mid-pipeline; ApiLoader resumes from last watermark (coarser granularity but simpler model)"
,93,Deployment rollback,"ADF supports pipeline versioning. Rollback = redeploy previous ARM template version.","Rollback = redeploy previous binary/container image version.","Comparable","Both support rollback through their respective deployment mechanisms"
,,,,,,
WHERE ADF IS ACTUALLY BETTER,,,,,,
,94,Visual pipeline designer (GUI),"YES — drag-and-drop GUI for building pipelines. Non-developers can understand the flow visually.","No GUI — code-only (C# + CLI). Requires developer skills to understand and modify.",ADF,"ADF's GUI is genuinely useful for pipeline visualization and for non-developer stakeholders"
,95,Built-in monitoring dashboard,"YES — Azure Monitor integration with pipeline run history, activity durations, failure details, and alerting out of the box","Must build monitoring from structured logs and events. No built-in dashboard.",ADF,"ADF Monitor is production-ready from day 1; ApiLoader requires investment in observability tooling"
,96,Azure-native managed service,"YES — fully managed, no runtime to maintain, automatic patching, geo-redundancy options","Requires a VM, container, or Kestra runner environment that must be maintained",ADF,"ADF eliminates runtime maintenance burden — significant for small teams"
,97,Built-in alerting on failures,"YES — Azure Monitor alerts can be configured on pipeline failures with email, SMS, webhook","Must integrate with external alerting (Kestra notifications, PagerDuty, etc.)",ADF,"ADF alerting is turnkey; ApiLoader alerting requires setup"
,98,Data flow transformations (ETL within pipeline),"YES — ADF Mapping Data Flows for Spark-based transformations within the pipeline","Out of scope — ApiLoader is ingestion-only (bronze layer). Transformation is a separate concern.",ADF,"If you need in-pipeline transformation, ADF has it built in. But for raw ingestion, this is irrelevant."
,99,Enterprise governance (RBAC on pipelines),"YES — Azure RBAC, pipeline-level permissions, audit logging via Azure AD","Application-level access control only (whoever can run the CLI can run any endpoint)",ADF,"ADF has fine-grained access control suitable for large enterprises with compliance requirements"
,100,Parameterized pipelines for reuse,"YES — ADF pipeline parameters allow some degree of reuse across similar data sources","ApiLoader achieves reuse through the adapter pattern and EndpointDefinition — architecturally superior but requires C# knowledge",ApiLoader,"ADF's parameterization is accessible to non-developers; ApiLoader's adapter pattern is more powerful but needs coding"
,,,,,,
SUMMARY,,,,,,
,101,Estimated implementation effort (this one endpoint: SafetyEventsV5 zipcode-miles equivalent),"4-8 weeks: ADF pipeline + 2 Azure Functions + infrastructure + testing (no local test possible)","Already done. Kestra flow: < 1 hour.",ApiLoader,"The entire point of ApiLoader is that this work is done once in compiled code and reused via configuration"
,102,Estimated effort to add next TruckerCloud endpoint,"2-4 weeks: clone and modify ADF pipeline, update Azure Functions if parsing differs, test in cloud","< 1 day: add EndpointEntry to registry (5-10 lines), test locally, deploy",ApiLoader,"ApiLoader makes the marginal cost of a new endpoint near-zero"
,103,Risk of inconsistency across endpoints,"HIGH — each pipeline is independent, metadata schema can drift, blob naming can diverge, retry behavior can vary","LOW — all endpoints share FetchEngine, FetchMetaData, ADLSBlobNamer, IIngestionStore. Inconsistency requires deliberate effort.",ApiLoader,"Consistency is the foundation of a reliable bronze layer. ADF makes it optional; ApiLoader makes it structural."
